timestamp	price	qty
1726500000	24500.84	25
1726500000	24502.29	50
1726500000	24500.63	25
1726500001	24501.69	150
1726500001	24499.21	100
1726500001	24496.4	25
1726500001	24494.71	150
1726500001	24495.32	150
1726500002	24493.51	150
1726500002	24493.03	100
1726500002	24493.57	25
1726500002	24495.12	50
1726500002	24496.31	75
1726500003	24494.98	50
1726500003	24497.72	75
1726500003	24495.33	100
1726500003	24492.91	75
1726500003	24493.54	25
1726500004	24494.91	150
1726500004	24492.66	100
1726500004	24490.14	75
1726500004	24492.11	150
1726500004	24494.42	75
1726500005	24494.89	25
1726500005	24492.16	50
1726500005	24493.8	25
1726500005	24495.93	25
1726500005	24495.21	100
1726500006	24496.03	75
1726500006	24494	75
1726500006	24492.26	75
1726500006	24493.47	25
1726500006	24494.13	50
1726500007	24494.33	50
1726500007	24492.31	100
1726500007	24490.93	150
1726500007	24489.25	75
1726500007	24491.31	25
1726500008	24489.68	25
1726500008	24491.51	100
1726500008	24490.12	50
1726500008	24492.6	150
1726500008	24494.86	75
1726500009	24493.13	100
1726500009	24492.5	100
1726500009	24490.36	50
1726500009	24488.84	150
1726500009	24489.08	150
1726500010	24488.65	150
1726500010	24488.04	50
1726500010	24491.03	50
1726500010	24491.08	25
1726500010	24492.62	25
1726500011	24490.54	50
1726500011	24492.29	100
1726500011	24492.87	100
1726500011	24492.16	100
1726500011	24492.33	150
1726500012	24494.5	25
1726500012	24495.58	25
1726500012	24496.67	150
1726500012	24498.17	75
1726500012	24495.84	100
1726500013	24493.79	25
1726500013	24496.51	75
1726500013	24499.35	50
1726500013	24499.39	25
1726500013	24501.61	75
1726500014	24503.66	150
1726500014	24504.32	50
1726500014	24503.56	50
1726500014	24503.8	150
1726500014	24506.31	150
1726500015	24505.25	25
1726500015	24502.93	75
1726500015	24505.2	75
1726500015	24503.63	50
1726500015	24505.9	25
1726500016	24503.42	100
1726500016	24505.31	150
1726500016	24506.91	50
1726500016	24507.87	150
1726500016	24505.86	150
1726500017	24508.09	100
1726500017	24510.88	150
1726500017	24512.41	50
1726500017	24513.69	100
1726500017	24516.66	75
1726500018	24516.29	150
1726500018	24516	50
1726500018	24514.34	75
1726500018	24511.47	150
1726500018	24509.85	50
1726500019	24506.89	25
1726500019	24505.27	25
1726500019	24507.42	25
1726500019	24507.51	75
1726500019	24508.52	50
1726500020	24508.76	150
1726500020	24509.22	50
1726500020	24510.92	100
1726500020	24509.07	25
1726500020	24510.02	75
1726500021	24509.56	100
1726500021	24511.74	25
1726500021	24512.79	25
1726500021	24510.15	75
1726500021	24511.95	25
1726500022	24510.44	50
1726500022	24510.66	50
1726500022	24510.19	75
1726500022	24509.97	25
1726500022	24509.63	150
1726500023	24507.22	150
1726500023	24509.23	25
1726500023	24511.79	50
1726500023	24509.79	100
1726500023	24509.68	100
1726500024	24512.09	50
1726500024	24511.36	100
1726500024	24509.96	100
1726500024	24508.67	150
1726500024	24509.64	100
1726500025	24507.57	75
1726500025	24505.87	25
1726500025	24506.35	150
1726500025	24503.71	75
1726500025	24501.06	150
1726500026	24500.92	150
1726500026	24498.86	150
1726500026	24496.34	50
1726500026	24493.75	25
1726500026	24494.81	50
1726500027	24494.23	150
1726500027	24492.71	150
1726500027	24489.94	25
1726500027	24489.46	150
1726500027	24489.85	75
1726500028	24492.46	50
1726500028	24493.48	75
1726500028	24491.91	100
1726500028	24489.69	75
1726500028	24489.44	25
1726500029	24486.49	150
1726500029	24489.48	25
1726500029	24486.92	50
1726500029	24486.96	50
1726500029	24489.56	25
1726500030	24491.83	75
1726500030	24490.54	100
1726500030	24492.55	75
1726500030	24493.22	150
1726500030	24490.26	150
1726500031	24489.06	25
1726500031	24491.69	50
1726500031	24490.28	25
1726500031	24491.73	50
1726500031	24490.37	150
1726500032	24488.63	75
1726500032	24486.85	75
1726500032	24486.89	75
1726500032	24489.32	25
1726500032	24486.87	100
1726500033	24488.85	25
1726500033	24485.87	50
1726500033	24486.69	75
1726500033	24484.66	100
1726500033	24484.97	100
1726500034	24485.34	25
1726500034	24482.79	50
1726500034	24483.06	75
1726500034	24483.56	50
1726500034	24483.14	25
1726500035	24481.99	25
1726500035	24484.38	50
1726500035	24485.47	25
1726500035	24484.59	150
1726500035	24486.9	100
1726500036	24489.74	50
1726500036	24492.3	50
1726500036	24494.48	50
1726500036	24496.77	25
1726500036	24494.85	75
1726500037	24496.54	100
1726500037	24498.36	50
1726500037	24496.96	25
1726500037	24496.25	25
1726500037	24498.4	50
1726500038	24496.6	100
1726500038	24495.7	50
1726500038	24494.04	50
1726500038	24493.43	75
1726500038	24495.61	75
1726500039	24494.72	150
1726500039	24494.12	150
1726500039	24493.11	25
1726500039	24490.8	75
1726500039	24488.87	75
1726500040	24486.1	150
1726500040	24485.71	75
1726500040	24485.32	150
1726500040	24483.02	150
1726500040	24481.16	25
1726500041	24482.41	25
1726500041	24482.53	150
1726500041	24483.65	50
1726500041	24482.84	25
1726500041	24485.53	75
1726500042	24486.27	25
1726500042	24487.59	75
1726500042	24487.63	100
1726500042	24486.59	75
1726500042	24486.91	50
1726500043	24486.44	100
1726500043	24487.5	50
1726500043	24488.19	75
1726500043	24487.63	25
1726500043	24486.45	50
1726500044	24486.03	150
1726500044	24486.67	75
1726500044	24486.46	100
1726500044	24487.52	150
1726500044	24487.36	50
1726500045	24488.31	75
1726500045	24488.4	150
1726500045	24487.41	50
1726500045	24488.45	50
1726500045	24490.29	50
1726500046	24487.44	50
1726500046	24490.34	150
1726500046	24492.44	25
1726500046	24492.17	150
1726500046	24490.34	100
1726500047	24490.3	50
1726500047	24488.19	25
1726500047	24490.54	25
1726500047	24492.22	50
1726500047	24490.27	150
1726500048	24490.06	150
1726500048	24488.55	25
1726500048	24488.29	100
1726500048	24489.3	150
1726500048	24489.87	100
1726500049	24490.55	150
1726500049	24490.11	150
1726500049	24489.78	50
1726500049	24491.24	100
1726500049	24490.94	50
1726500050	24492.98	75
1726500050	24494.58	150
1726500050	24494.49	50
1726500050	24493.13	25
1726500050	24494.41	50
1726500051	24493.04	75
1726500051	24495.4	25
1726500051	24493.23	50
1726500051	24492.53	50
1726500051	24493.77	25
1726500052	24493.26	75
1726500052	24493.51	100
1726500052	24490.89	100
1726500052	24490.23	150
1726500052	24492.9	25
1726500053	24495.04	150
1726500053	24494.32	25
1726500053	24496.98	75
1726500053	24498.5	100
1726500053	24498.73	150
1726500054	24500.53	50
1726500054	24500.46	75
1726500054	24500.07	25
1726500054	24499.41	100
1726500054	24500.75	100
1726500055	24503.27	150
1726500055	24503.47	100
1726500055	24504.03	25
1726500055	24501.53	100
1726500055	24499.34	100
1726500056	24497.43	75
1726500056	24496.71	50
1726500056	24496.44	75
1726500056	24498	100
1726500056	24496.67	100
1726500057	24495.19	25
1726500057	24495.01	150
1726500057	24492.32	75
1726500057	24490.67	25
1726500057	24492.35	25
1726500058	24493.88	50
1726500058	24492.08	25
1726500058	24492.8	50
1726500058	24490.56	25
1726500058	24490.95	50
1726500059	24490.74	75
1726500059	24492.34	50
1726500059	24492.97	25
1726500059	24494.64	50
1726500059	24497.43	25
1726500060	24497.9	75
1726500060	24498.35	100
1726500060	24497.73	50
1726500060	24495.19	50
1726500060	24492.8	75
1726500061	24494.9	150
1726500061	24496.74	150
1726500061	24498.43	75
1726500061	24498.63	75
1726500061	24496.04	75
1726500062	24493.12	100
1726500062	24495.05	25
1726500062	24494.65	75
1726500062	24495.47	100
1726500062	24496.71	100
1726500063	24494.77	150
1726500063	24497.56	75
1726500063	24498.26	150
1726500063	24499.9	100
1726500063	24499.52	150
1726500064	24498.13	50
1726500064	24500.11	25
1726500064	24498.79	100
1726500064	24497.25	100
1726500064	24497.67	100
1726500065	24496.69	100
1726500065	24498.79	50
1726500065	24498.72	75
1726500065	24500.5	75
1726500065	24499.18	150
1726500066	24500.39	75
1726500066	24500.72	150
1726500066	24503.41	25
1726500066	24501.86	100
1726500066	24501.79	50
1726500067	24502.94	100
1726500067	24502.63	25
1726500067	24500.18	50
1726500067	24499.61	50
1726500067	24498.45	150
1726500068	24497.66	150
1726500068	24497.85	100
1726500068	24500.83	150
1726500068	24499.81	100
1726500068	24498.44	75
1726500069	24496.82	50
1726500069	24495.71	150
1726500069	24498.42	50
1726500069	24496.57	100
1726500069	24495.23	150
1726500070	24498.09	150
1726500070	24498.67	25
1726500070	24500.66	75
1726500070	24499.03	50
1726500070	24497.84	150
1726500071	24495.6	25
1726500071	24498.45	150
1726500071	24497.2	50
1726500071	24498.03	100
1726500071	24495.64	25
1726500072	24496.09	100
1726500072	24495.96	75
1726500072	24494.07	25
1726500072	24492.58	100
1726500072	24490.26	25
1726500073	24489.67	25
1726500073	24490.13	25
1726500073	24488.04	150
1726500073	24490.74	25
1726500073	24493.7	25
1726500074	24494.05	100
1726500074	24494.69	150
1726500074	24493.04	150
1726500074	24492.32	100
1726500074	24491.11	150
1726500075	24494.05	75
1726500075	24494.46	25
1726500075	24495.12	25
1726500075	24497.8	50
1726500075	24498.55	75
1726500076	24499.52	50
1726500076	24497.96	150
1726500076	24495.41	25
1726500076	24494.86	150
1726500076	24494.68	25
1726500077	24493.07	75
1726500077	24494.28	100
1726500077	24491.71	50
1726500077	24494.25	150
1726500077	24495.22	50
1726500078	24494.77	150
1726500078	24493.12	50
1726500078	24495.57	50
1726500078	24493	50
1726500078	24494.76	150
1726500079	24496.25	150
1726500079	24498.78	100
1726500079	24496.52	75
1726500079	24497.72	75
1726500079	24497.72	100
1726500080	24497.35	150
1726500080	24494.59	100
1726500080	24496	150
1726500080	24494.5	25
1726500080	24492.87	150
1726500081	24493.4	25
1726500081	24496.39	75
1726500081	24496.85	50
1726500081	24496.67	100
1726500081	24499.17	50
1726500082	24502.15	100
1726500082	24502.96	100
1726500082	24505.78	100
1726500082	24504.86	75
1726500082	24503.79	25
1726500083	24505.94	75
1726500083	24505.41	100
1726500083	24504.13	100
1726500083	24506.02	150
1726500083	24503.24	25
1726500084	24502.12	75
1726500084	24499.82	100
1726500084	24502.01	25
1726500084	24502.95	150
1726500084	24502.73	25
1726500085	24500.85	75
1726500085	24501.59	100
1726500085	24502.34	25
1726500085	24500.56	150
1726500085	24498.35	75
1726500086	24497.98	100
1726500086	24495.7	150
1726500086	24497.5	50
1726500086	24496.37	25
1726500086	24496.68	25
1726500087	24495.03	25
1726500087	24494.8	25
1726500087	24495.68	50
1726500087	24495.67	75
1726500087	24495.73	75
1726500088	24495.22	100
1726500088	24498.1	50
1726500088	24497.84	50
1726500088	24497.14	150
1726500088	24497.19	50
1726500089	24499.38	75
1726500089	24501.01	100
1726500089	24500.05	150
1726500089	24498.65	25
1726500089	24497.35	75
1726500090	24499.38	150
1726500090	24502.37	100
1726500090	24504.56	100
1726500090	24504.79	75
1726500090	24503.79	150
1726500091	24503.05	75
1726500091	24505.27	50
1726500091	24505.7	50
1726500091	24507.83	100
1726500091	24505.1	100
1726500092	24506.33	100
1726500092	24505.64	50
1726500092	24505.62	25
1726500092	24503.37	150
1726500092	24502.37	25
1726500093	24504.61	100
1726500093	24502.21	100
1726500093	24499.3	50
1726500093	24498.76	50
1726500093	24496.21	75
1726500094	24495.24	100
1726500094	24496.14	75
1726500094	24498.25	150
1726500094	24497.53	75
1726500094	24498.3	100
1726500095	24500.53	25
1726500095	24501.23	50
1726500095	24502.02	75
1726500095	24505.01	25
1726500095	24504.61	25
1726500096	24506.17	25
1726500096	24505.83	75
1726500096	24508.25	25
1726500096	24507.2	25
1726500096	24505.96	75
1726500097	24505.55	50
1726500097	24505.73	150
1726500097	24506.82	50
1726500097	24504.84	25
1726500097	24505.5	100
1726500098	24506.22	50
1726500098	24506.2	150
1726500098	24504.06	100
1726500098	24504.89	100
1726500098	24503.42	25
1726500099	24505.82	100
1726500099	24508.22	150
1726500099	24506.17	100
1726500099	24508.84	150
1726500099	24507.64	100
1726500100	24508.78	100
1726500100	24510.85	50
1726500100	24513.85	100
1726500100	24511.49	100
1726500100	24511.92	150
1726500101	24510.69	75
1726500101	24507.83	100
1726500101	24506.47	150
1726500101	24508.66	25
1726500101	24511.13	100
1726500102	24513.12	75
1726500102	24514.78	50
1726500102	24515.42	75
1726500102	24513.73	50
1726500102	24514.46	50
1726500103	24515.23	25
1726500103	24514.08	100
1726500103	24511.28	75
1726500103	24512.68	25
1726500103	24515.13	75
1726500104	24516.62	50
1726500104	24514.82	150
1726500104	24517.08	75
1726500104	24517.27	75
1726500104	24519.25	75
1726500105	24521.74	100
1726500105	24524.54	75
1726500105	24526.02	75
1726500105	24527.84	100
1726500105	24530.62	50
1726500106	24532.15	50
1726500106	24534.31	100
1726500106	24537.11	150
1726500106	24536.31	100
1726500106	24533.39	150
1726500107	24531.13	75
1726500107	24532.17	75
1726500107	24532.68	75
1726500107	24530.33	50
1726500107	24530.15	150
1726500108	24532.46	150
1726500108	24531.43	150
1726500108	24529.76	25
1726500108	24530.57	100
1726500108	24533.02	75
1726500109	24533.92	25
1726500109	24531.76	25
1726500109	24530.58	100
1726500109	24528.28	50
1726500109	24530.61	50
1726500110	24529.94	75
1726500110	24530.96	150
1726500110	24530.47	50
1726500110	24532.79	25
1726500110	24534.79	150
1726500111	24534.24	75
1726500111	24531.43	75
1726500111	24529.74	100
1726500111	24532.44	75
1726500111	24530.04	75
1726500112	24530.3	75
1726500112	24527.67	75
1726500112	24525.81	25
1726500112	24528.5	100
1726500112	24526.05	50
1726500113	24526.9	150
1726500113	24529.73	25
1726500113	24531.45	50
1726500113	24534.38	150
1726500113	24532.61	150
1726500114	24530.86	50
1726500114	24532.73	50
1726500114	24531.7	50
1726500114	24533.44	150
1726500114	24530.45	50
1726500115	24533.38	150
1726500115	24531.88	50
1726500115	24529.54	25
1726500115	24527.33	75
1726500115	24529.07	50
1726500116	24529.61	25
1726500116	24527.65	25
1726500116	24525.41	100
1726500116	24525.57	25
1726500116	24525.43	75
1726500117	24525.51	25
1726500117	24525.22	50
1726500117	24527.89	25
1726500117	24529.25	150
1726500117	24528.06	25
1726500118	24525.43	100
1726500118	24527.51	100
1726500118	24528.63	100
1726500118	24529.9	100
1726500118	24527.34	25
1726500119	24526.28	50
1726500119	24523.67	75
1726500119	24524.42	150
1726500119	24524.71	75
1726500119	24523.99	150
1726500120	24524.18	100
1726500120	24524.21	100
1726500120	24521.8	25
1726500120	24523.92	150
1726500120	24525.25	50
1726500121	24524.83	50
1726500121	24524.31	100
1726500121	24523.7	25
1726500121	24522.58	75
1726500121	24523.57	75
1726500122	24526.29	100
1726500122	24523.69	25
1726500122	24521.25	25
1726500122	24522.72	75
1726500122	24524.59	150
1726500123	24521.95	150
1726500123	24522.32	25
1726500123	24521.78	100
1726500123	24523.99	25
1726500123	24526.8	150
1726500124	24525.68	25
1726500124	24526.15	50
1726500124	24524.07	100
1726500124	24522.42	25
1726500124	24521.52	150
1726500125	24520.73	75
1726500125	24521.17	100
1726500125	24523.24	150
1726500125	24523.92	150
1726500125	24521.08	75
1726500126	24518.25	75
1726500126	24519.47	75
1726500126	24522	75
1726500126	24519.04	50
1726500126	24519.43	100
1726500127	24516.85	25
1726500127	24514.4	150
1726500127	24512.69	100
1726500127	24512.41	50
1726500127	24511.63	75
1726500128	24513.3	150
1726500128	24513.87	25
1726500128	24511.81	150
1726500128	24509.1	25
1726500128	24507.74	100
1726500129	24507.65	100
1726500129	24507.14	50
1726500129	24508.67	25
1726500129	24507.74	25
1726500129	24506.44	150
1726500130	24506.36	75
1726500130	24503.63	100
1726500130	24506.54	25
1726500130	24503.58	75
1726500130	24506.25	50
1726500131	24507.84	75
1726500131	24506.81	25
1726500131	24506.79	100
1726500131	24504.85	100
1726500131	24505.04	50
1726500132	24505.04	75
1726500132	24502.48	25
1726500132	24502.09	100
1726500132	24504.62	75
1726500132	24505.07	150
1726500133	24504.5	100
1726500133	24503.24	100
1726500133	24500.36	75
1726500133	24498.39	150
1726500133	24498.15	75
1726500134	24495.68	25
1726500134	24494.14	150
1726500134	24493.55	25
1726500134	24492.92	75
1726500134	24494.4	50
1726500135	24493.39	50
1726500135	24490.85	25
1726500135	24491.04	50
1726500135	24493.47	75
1726500135	24492.58	50
1726500136	24491	50
1726500136	24489.53	50
1726500136	24490.15	25
1726500136	24488.21	100
1726500136	24487.99	150
1726500137	24489.55	100
1726500137	24490.64	150
1726500137	24491.5	150
1726500137	24490.44	75
1726500137	24488.34	25
1726500138	24488.16	75
1726500138	24489.93	150
1726500138	24487.27	150
1726500138	24484.72	100
1726500138	24484.43	25
1726500139	24483.64	75
1726500139	24481.1	25
1726500139	24481.79	150
1726500139	24481.1	150
1726500139	24481.42	25
1726500140	24481.12	150
1726500140	24482.03	75
1726500140	24482.66	150
1726500140	24480.57	25
1726500140	24480.27	75
1726500141	24483.16	25
1726500141	24483.19	50
1726500141	24480.43	100
1726500141	24483.37	150
1726500141	24483.51	50
1726500142	24482.69	75
1726500142	24482.02	75
1726500142	24483.09	25
1726500142	24484.83	75
1726500142	24482.22	25
1726500143	24482.57	100
1726500143	24481.27	150
1726500143	24483.51	75
1726500143	24481	50
1726500143	24483.5	75
1726500144	24486.31	100
1726500144	24484.08	25
1726500144	24482.94	100
1726500144	24483.8	75
1726500144	24485.68	150
1726500145	24483.24	100
1726500145	24483.29	25
1726500145	24482.47	50
1726500145	24485.17	75
1726500145	24487.86	100
1726500146	24486.01	50
1726500146	24483.94	75
1726500146	24486.01	25
1726500146	24486.06	150
1726500146	24488.07	150
1726500147	24485.29	75
1726500147	24487.55	150
1726500147	24485.34	100
1726500147	24483.26	50
1726500147	24485.25	150
1726500148	24487.1	50
1726500148	24488.43	25
1726500148	24487.9	50
1726500148	24490.71	150
1726500148	24489.42	100
1726500149	24487.83	50
1726500149	24486.68	100
1726500149	24489.11	50
1726500149	24488.32	150
1726500149	24491.22	100
1726500150	24492.84	100
1726500150	24492.86	100
1726500150	24495.65	50
1726500150	24497.46	50
1726500150	24499.7	25
1726500151	24500.55	75
1726500151	24500.87	25
1726500151	24502.14	150
1726500151	24504.25	75
1726500151	24501.75	50
1726500152	24500.39	150
1726500152	24498.27	100
1726500152	24495.82	50
1726500152	24497.72	75
1726500152	24500.31	100
1726500153	24497.63	150
1726500153	24496.87	100
1726500153	24499.84	75
1726500153	24498.18	75
1726500153	24500.77	75
1726500154	24502.52	50
1726500154	24499.75	100
1726500154	24500.92	50
1726500154	24502.48	100
1726500154	24502.17	25
1726500155	24504.6	25
1726500155	24503.14	50
1726500155	24503.43	150
1726500155	24503.6	25
1726500155	24505.26	50
1726500156	24504.06	25
1726500156	24502.49	150
1726500156	24502.24	25
1726500156	24504.26	100
1726500156	24504.84	25
1726500157	24505.63	150
1726500157	24504.08	50
1726500157	24502.83	25
1726500157	24503.52	50
1726500157	24503.94	50
1726500158	24504.93	25
1726500158	24505.07	75
1726500158	24502.47	150
1726500158	24502.74	150
1726500158	24503.06	100
1726500159	24505.3	25
1726500159	24506.12	75
1726500159	24504.64	25
1726500159	24503.78	25
1726500159	24502.85	25
1726500160	24504.48	75
1726500160	24502.28	75
1726500160	24502.56	50
1726500160	24504.54	100
1726500160	24507.42	100
1726500161	24508.21	50
1726500161	24505.59	100
1726500161	24502.81	50
1726500161	24500.08	50
1726500161	24502.39	75
1726500162	24504.99	150
1726500162	24504.38	150
1726500162	24504.22	25
1726500162	24505.74	50
1726500162	24504.46	25
1726500163	24506.65	75
1726500163	24505.29	75
1726500163	24504.91	100
1726500163	24506.37	100
1726500163	24505.41	50
1726500164	24505.39	100
1726500164	24504.59	150
1726500164	24503.19	25
1726500164	24504.55	25
1726500164	24504.14	50
1726500165	24504.41	75
1726500165	24502.02	75
1726500165	24502.99	75
1726500165	24502.67	100
1726500165	24500.66	100
1726500166	24499.77	25
1726500166	24501.14	75
1726500166	24501.82	100
1726500166	24500.47	25
1726500166	24497.92	100
1726500167	24497.1	50
1726500167	24499.82	50
1726500167	24501.91	100
1726500167	24499.12	25
1726500167	24497.54	75
1726500168	24496.71	150
1726500168	24493.9	50
1726500168	24494.98	75
1726500168	24494.21	25
1726500168	24494.65	150
1726500169	24493.85	75
1726500169	24494.75	50
1726500169	24497.51	25
1726500169	24498.93	100
1726500169	24499.04	150
1726500170	24496.74	75
1726500170	24497.97	50
1726500170	24500.94	75
1726500170	24502.11	100
1726500170	24500.31	50
1726500171	24502.43	100
1726500171	24500.46	100
1726500171	24503.45	75
1726500171	24504.45	25
1726500171	24504.75	75
1726500172	24507.1	50
1726500172	24508.37	50
1726500172	24510.13	150
1726500172	24508.48	50
1726500172	24510.23	50
1726500173	24511.97	25
1726500173	24511.14	150
1726500173	24510.35	150
1726500173	24508.13	25
1726500173	24505.53	100
1726500174	24508.52	100
1726500174	24508.68	100
1726500174	24510.62	25
1726500174	24508.37	75
1726500174	24509.22	100
1726500175	24509.02	150
1726500175	24508.09	150
1726500175	24508.92	50
1726500175	24510.53	50
1726500175	24510.13	25
1726500176	24512.11	150
1726500176	24510.03	50
1726500176	24508	50
1726500176	24507.08	150
1726500176	24509.45	25
1726500177	24507.95	150
1726500177	24506.6	75
1726500177	24507.29	25
1726500177	24507.3	50
1726500177	24507.85	150
1726500178	24505.78	150
1726500178	24507.1	150
1726500178	24506.13	150
1726500178	24503.38	25
1726500178	24500.86	150
1726500179	24499.45	50
1726500179	24501.05	100
1726500179	24501.76	25
1726500179	24501.75	150
1726500179	24500.49	75
1726500180	24500.39	100
1726500180	24499.17	25
1726500180	24500.3	50
1726500180	24499.94	100
1726500180	24499.73	75
1726500181	24500.37	75
1726500181	24502.53	75
1726500181	24503.94	75
1726500181	24506.79	50
1726500181	24508.36	150
1726500182	24508.73	75
1726500182	24507.18	25
1726500182	24505.78	50
1726500182	24503.63	25
1726500182	24502.37	100
1726500183	24504.55	100
1726500183	24503.04	50
1726500183	24504.92	150
1726500183	24506.25	50
1726500183	24507.83	100
1726500184	24510.8	100
1726500184	24510.8	75
1726500184	24510.78	25
1726500184	24513.45	150
1726500184	24513.2	50
1726500185	24511.49	75
1726500185	24508.78	75
1726500185	24508.75	100
1726500185	24507.46	25
1726500185	24509.55	100
1726500186	24507.35	75
1726500186	24508.71	100
1726500186	24507.91	100
1726500186	24505.22	150
1726500186	24503.38	150
1726500187	24502.12	100
1726500187	24502.14	150
1726500187	24500.82	150
1726500187	24501.9	25
1726500187	24499.67	25
1726500188	24499.04	75
1726500188	24499.39	75
1726500188	24500.92	50
1726500188	24501.53	100
1726500188	24501.53	25
1726500189	24498.76	75
1726500189	24500.59	150
1726500189	24500.33	150
1726500189	24502.69	50
1726500189	24501.66	150
1726500190	24500.57	100
1726500190	24503.51	75
1726500190	24504.07	150
1726500190	24506.04	150
1726500190	24505.98	150
1726500191	24504.78	25
1726500191	24503.99	25
1726500191	24506.87	150
1726500191	24505.72	25
1726500191	24506.3	75
1726500192	24509.1	150
1726500192	24509.57	25
1726500192	24510.07	50
1726500192	24510.21	150
1726500192	24511.86	100
1726500193	24509.75	50
1726500193	24506.94	25
1726500193	24505.08	100
1726500193	24503.96	50
1726500193	24503.44	50
1726500194	24502.9	150
1726500194	24505.43	25
1726500194	24506.66	150
1726500194	24504.91	75
1726500194	24507.89	100
1726500195	24508.05	75
1726500195	24510.79	100
1726500195	24513.26	75
1726500195	24513.54	75
1726500195	24514.2	50
1726500196	24516.94	75
1726500196	24517.29	50
1726500196	24519.94	75
1726500196	24521.57	50
1726500196	24522.71	100
1726500197	24521.61	75
1726500197	24521.97	75
1726500197	24520.7	150
1726500197	24521.76	100
1726500197	24524.13	100
1726500198	24526.04	50
1726500198	24524.79	75
1726500198	24527.52	25
1726500198	24526.6	100
1726500198	24527.53	100
1726500199	24525.82	150
1726500199	24524.44	150
1726500199	24525.62	50
1726500199	24523.28	150
1726500199	24521.71	25
1726500200	24522.73	150
1726500200	24521.08	50
1726500200	24518.4	100
1726500200	24517.38	100
1726500200	24514.98	50
1726500201	24512.02	150
1726500201	24514.88	50
1726500201	24514.32	100
1726500201	24514.19	50
1726500201	24515.72	75
1726500202	24514.65	25
1726500202	24517.1	25
1726500202	24518.01	50
1726500202	24518.22	25
1726500202	24520.7	50
1726500203	24520.21	50
1726500203	24522.81	25
1726500203	24525.8	100
1726500203	24527.52	50
1726500203	24530.14	75
1726500204	24532.41	25
1726500204	24531.2	150
1726500204	24528.84	75
1726500204	24527.55	150
1726500204	24527.69	50
1726500205	24529.8	100
1726500205	24528.44	25
1726500205	24527.42	100
1726500205	24528.31	50
1726500205	24525.39	75
1726500206	24527.14	150
1726500206	24528.19	50
1726500206	24526.24	100
1726500206	24528.2	150
1726500206	24527.17	100
1726500207	24528.18	50
1726500207	24531.07	100
1726500207	24530.01	50
1726500207	24527.06	100
1726500207	24525.47	75
1726500208	24528.19	75
1726500208	24528.69	150
1726500208	24525.76	75
1726500208	24526.91	25
1726500208	24527.92	100
1726500209	24526.76	100
1726500209	24527.88	75
1726500209	24529.02	75
1726500209	24528.22	50
1726500209	24526.54	50
1726500210	24526.41	100
1726500210	24527.89	150
1726500210	24527.14	150
1726500210	24529.61	150
1726500210	24531.43	50
1726500211	24533	150
1726500211	24535.24	25
1726500211	24535.39	150
1726500211	24536.61	25
1726500211	24539.11	25
1726500212	24536.48	150
1726500212	24538.9	50
1726500212	24539.34	50
1726500212	24537.33	150
1726500212	24536.98	50
1726500213	24538.28	100
1726500213	24535.82	150
1726500213	24535.5	25
1726500213	24535.22	150
1726500213	24534.71	150
1726500214	24532.06	100
1726500214	24533.09	75
1726500214	24534.43	100
1726500214	24532.96	25
1726500214	24534.43	150
1726500215	24531.87	100
1726500215	24530.94	25
1726500215	24531.19	25
1726500215	24533.79	25
1726500215	24536.71	100
1726500216	24533.9	100
1726500216	24531.98	50
1726500216	24533.58	100
1726500216	24532.82	100
1726500216	24532.51	100
1726500217	24531.77	150
1726500217	24529.57	75
1726500217	24527.28	150
1726500217	24526.64	50
1726500217	24528	50
1726500218	24530.01	25
1726500218	24532.88	100
1726500218	24533.92	150
1726500218	24533.47	100
1726500218	24535.41	50
1726500219	24535.17	50
1726500219	24533.83	25
1726500219	24531.02	100
1726500219	24531.71	25
1726500219	24530.15	25
1726500220	24527.76	25
1726500220	24527.44	25
1726500220	24525.91	25
1726500220	24525.32	50
1726500220	24525.56	25
1726500221	24523.4	75
1726500221	24521.8	150
1726500221	24520.72	150
1726500221	24522.35	75
1726500221	24520.77	50
1726500222	24523.69	150
1726500222	24522.01	75
1726500222	24520.67	150
1726500222	24523.36	50
1726500222	24524.11	100
1726500223	24524.45	25
1726500223	24527.28	100
1726500223	24529	75
1726500223	24530.17	100
1726500223	24528.07	100
1726500224	24526.17	150
1726500224	24526.01	50
1726500224	24524.82	50
1726500224	24526.65	25
1726500224	24527.03	100
1726500225	24527.37	50
1726500225	24526.7	75
1726500225	24524.92	25
1726500225	24527.45	75
1726500225	24525.01	50
1726500226	24522.32	100
1726500226	24523.36	150
1726500226	24520.6	25
1726500226	24518.73	150
1726500226	24520.07	150
1726500227	24518.37	50
1726500227	24520.59	75
1726500227	24519.41	25
1726500227	24517.68	50
1726500227	24520.45	25
1726500228	24521.94	100
1726500228	24524.42	150
1726500228	24525.64	100
1726500228	24528.14	150
1726500228	24527.06	75
1726500229	24526.35	150
1726500229	24527.24	75
1726500229	24525.81	150
1726500229	24528.11	100
1726500229	24525.7	100
1726500230	24527.27	75
1726500230	24529.75	75
1726500230	24528.63	25
1726500230	24529.01	50
1726500230	24530.46	25
1726500231	24529.02	150
1726500231	24529.49	100
1726500231	24528.27	50
1726500231	24527.24	100
1726500231	24527.66	50
1726500232	24527.66	75
1726500232	24526.2	100
1726500232	24529	100
1726500232	24528.77	75
1726500232	24526.78	150
1726500233	24526.71	150
1726500233	24529.65	25
1726500233	24529.8	25
1726500233	24532.47	25
1726500233	24534.06	100
1726500234	24531.88	50
1726500234	24529.29	50
1726500234	24526.34	150
1726500234	24526.08	25
1726500234	24526.79	150
1726500235	24529.26	100
1726500235	24526.36	150
1726500235	24526.67	25
1726500235	24523.77	75
1726500235	24523.98	75
1726500236	24521.08	100
1726500236	24522.92	50
1726500236	24520.56	25
1726500236	24520.71	50
1726500236	24518.86	150
1726500237	24517.38	75
1726500237	24515.98	100
1726500237	24513.45	100
1726500237	24513.21	50
1726500237	24516.15	50
1726500238	24514.95	25
1726500238	24515.87	25
1726500238	24513.43	100
1726500238	24512.7	100
1726500238	24510.03	25
1726500239	24511.25	25
1726500239	24511.25	100
1726500239	24512.12	75
1726500239	24512.51	25
1726500239	24514.88	25
1726500240	24513.26	150
1726500240	24513.11	25
1726500240	24515.66	75
1726500240	24518.05	150
1726500240	24519	50
1726500241	24521.58	75
1726500241	24518.67	50
1726500241	24519.19	100
1726500241	24521.77	75
1726500241	24519.74	50
1726500242	24520.14	100
1726500242	24521.2	150
1726500242	24520.19	50
1726500242	24521.94	25
1726500242	24521.94	75
1726500243	24519.26	100
1726500243	24517.66	25
1726500243	24516.7	150
1726500243	24519.43	100
1726500243	24522.24	75
1726500244	24519.42	75
1726500244	24521.12	100
1726500244	24521.06	75
1726500244	24521.38	100
1726500244	24520.97	150
1726500245	24521.94	25
1726500245	24523.57	75
1726500245	24525.36	25
1726500245	24522.85	50
1726500245	24522.13	50
1726500246	24523.57	75
1726500246	24522.73	25
1726500246	24519.76	75
1726500246	24519.43	75
1726500246	24517.05	25
1726500247	24515.17	100
1726500247	24515.51	150
1726500247	24514.96	25
1726500247	24512.5	150
1726500247	24510.06	150
1726500248	24511.76	100
1726500248	24508.84	100
1726500248	24508.16	25
1726500248	24509.51	150
1726500248	24511.94	50
1726500249	24512.38	50
1726500249	24513.49	50
1726500249	24511.32	75
1726500249	24509.93	50
1726500249	24507.31	100
1726500250	24505.97	75
1726500250	24505.87	25
1726500250	24505.04	50
1726500250	24506.36	100
1726500250	24506.93	50
1726500251	24506.67	50
1726500251	24505.5	100
1726500251	24504.5	150
1726500251	24503.78	75
1726500251	24503.42	100
1726500252	24505.31	150
1726500252	24503.13	75
1726500252	24503.75	50
1726500252	24503.62	50
1726500252	24506.41	75
1726500253	24505.16	100
1726500253	24507.96	50
1726500253	24506.92	75
1726500253	24508.82	100
1726500253	24508.01	150
1726500254	24506.21	150
1726500254	24504.29	150
1726500254	24501.45	100
1726500254	24504.1	50
1726500254	24503.74	75
1726500255	24505.72	25
1726500255	24507.64	100
1726500255	24508.67	50
1726500255	24509.47	50
1726500255	24507.99	50
1726500256	24509.28	100
1726500256	24506.73	150
1726500256	24506.6	100
1726500256	24506.81	100
1726500256	24507.07	75
1726500257	24508.28	150
1726500257	24508.84	25
1726500257	24506.5	50
1726500257	24507.44	75
1726500257	24505.44	150
1726500258	24502.71	100
1726500258	24505.51	75
1726500258	24508.3	100
1726500258	24505.94	25
1726500258	24504.49	150
1726500259	24505.97	150
1726500259	24506.46	150
1726500259	24504.78	75
1726500259	24504.13	150
1726500259	24505.27	50
1726500260	24504.34	25
1726500260	24504.24	75
1726500260	24503.73	25
1726500260	24501.43	50
1726500260	24500.52	75
1726500261	24500.25	50
1726500261	24500.38	75
1726500261	24500.24	100
1726500261	24501.57	100
1726500261	24500.48	75
1726500262	24497.75	25
1726500262	24494.88	75
1726500262	24495.77	50
1726500262	24498.35	50
1726500262	24498.45	150
1726500263	24496.41	150
1726500263	24495.97	100
1726500263	24494.36	100
1726500263	24495.14	50
1726500263	24495.98	100
1726500264	24495.35	150
1726500264	24497.65	100
1726500264	24498.2	100
1726500264	24495.23	50
1726500264	24493.47	25
1726500265	24493.93	150
1726500265	24492.05	75
1726500265	24490.23	25
1726500265	24488.81	100
1726500265	24488.97	75
1726500266	24489.56	150
1726500266	24488.91	25
1726500266	24488	100
1726500266	24488.7	75
1726500266	24491.22	150
1726500267	24488.72	50
1726500267	24487.6	50
1726500267	24486.44	50
1726500267	24485.68	50
1726500267	24485.74	100
1726500268	24486.32	150
1726500268	24485.62	50
1726500268	24485.54	150
1726500268	24486.7	50
1726500268	24487.03	100
1726500269	24485.76	50
1726500269	24484.65	100
1726500269	24485.37	75
1726500269	24488.08	100
1726500269	24485.9	100
1726500270	24488.68	150
1726500270	24489.6	100
1726500270	24490.71	100
1726500270	24491.97	100
1726500270	24491.9	25
1726500271	24492.29	50
1726500271	24491.05	75
1726500271	24489.39	75
1726500271	24487.4	100
1726500271	24487.8	100
1726500272	24488.1	25
1726500272	24488.53	75
1726500272	24490.18	75
1726500272	24490.44	25
1726500272	24492	100
1726500273	24492.27	100
1726500273	24489.89	50
1726500273	24488.67	25
1726500273	24488.37	75
1726500273	24490.55	25
1726500274	24490.18	25
1726500274	24491.83	50
1726500274	24490.09	150
1726500274	24491.23	150
1726500274	24492.03	50
1726500275	24492.72	50
1726500275	24494.6	25
1726500275	24495.02	150
1726500275	24493.71	150
1726500275	24491.72	75
1726500276	24490.46	75
1726500276	24493.17	150
1726500276	24496.08	25
1726500276	24493.9	100
1726500276	24496.41	75
1726500277	24498.61	50
1726500277	24499.82	50
1726500277	24498.32	75
1726500277	24500.29	100
1726500277	24500.23	150
1726500278	24501.02	100
1726500278	24500.27	25
1726500278	24501.07	25
1726500278	24500.49	75
1726500278	24501.66	75
1726500279	24501.39	100
1726500279	24500.35	25
1726500279	24502.56	25
1726500279	24503.95	100
1726500279	24504.76	75
1726500280	24506.86	150
1726500280	24506.25	100
1726500280	24508.19	100
1726500280	24506.81	75
1726500280	24505.83	150
1726500281	24503.62	100
1726500281	24505.35	25
1726500281	24502.62	100
1726500281	24499.72	50
1726500281	24499.37	25
1726500282	24502.32	100
1726500282	24500.53	50
1726500282	24502.82	75
1726500282	24500.78	75
1726500282	24498.34	75
1726500283	24496.84	75
1726500283	24497.83	50
1726500283	24495.14	75
1726500283	24496.49	50
1726500283	24496.07	25
1726500284	24497.29	25
1726500284	24495.57	25
1726500284	24493.37	50
1726500284	24493.49	100
1726500284	24490.54	75
1726500285	24492.44	100
1726500285	24493.61	100
1726500285	24491.03	100
1726500285	24488.57	25
1726500285	24486.19	75
1726500286	24488.47	50
1726500286	24487.77	50
1726500286	24488.62	50
1726500286	24486.03	150
1726500286	24483.08	50
1726500287	24482.72	50
1726500287	24483.49	50
1726500287	24486.01	150
1726500287	24487.13	50
1726500287	24484.65	25
1726500288	24482.49	25
1726500288	24483.03	100
1726500288	24482.14	100
1726500288	24481.02	50
1726500288	24479.51	25
1726500289	24478	150
1726500289	24478.6	150
1726500289	24477.31	25
1726500289	24479.4	75
1726500289	24477.63	150
1726500290	24477.69	100
1726500290	24476.46	25
1726500290	24478.16	50
1726500290	24478.13	25
1726500290	24476.58	150
1726500291	24474	25
1726500291	24476.93	75
1726500291	24474.72	150
1726500291	24474.24	150
1726500291	24475.34	100
1726500292	24478.07	25
1726500292	24475.17	25
1726500292	24472.25	50
1726500292	24469.49	25
1726500292	24472.18	100
1726500293	24472.22	150
1726500293	24473.82	100
1726500293	24475.03	25
1726500293	24475.88	150
1726500293	24476.57	75
1726500294	24474.07	25
1726500294	24474.14	50
1726500294	24476.99	50
1726500294	24477.21	100
1726500294	24477.73	25
1726500295	24476.59	100
1726500295	24477.97	50
1726500295	24475.31	25
1726500295	24477.86	25
1726500295	24477.58	150
1726500296	24474.91	50
1726500296	24472.63	50
1726500296	24473.84	50
1726500296	24473.82	75
1726500296	24473.95	75
1726500297	24471.96	50
1726500297	24473.45	75
1726500297	24474.85	25
1726500297	24476.48	25
1726500297	24475.49	100
1726500298	24474.12	25
1726500298	24472.7	150
1726500298	24473.47	100
1726500298	24473.2	75
1726500298	24470.53	150
1726500299	24468.53	50
1726500299	24467.06	25
1726500299	24469.43	25
1726500299	24467.8	150
1726500299	24464.81	25
1726500300	24463.28	100
1726500300	24462.46	50
1726500300	24460.54	25
1726500300	24460.85	100
1726500300	24459.2	50
1726500301	24458.7	75
1726500301	24457.33	25
1726500301	24457.76	25
1726500301	24457.77	25
1726500301	24455.84	150
1726500302	24458.73	100
1726500302	24456.15	100
1726500302	24458.34	75
1726500302	24457.31	150
1726500302	24457.05	75
1726500303	24455.25	150
1726500303	24456.96	150
1726500303	24455.41	75
1726500303	24455.96	100
1726500303	24458.95	50
1726500304	24460.35	150
1726500304	24461.91	50
1726500304	24459.81	100
1726500304	24456.96	150
1726500304	24456.03	25
1726500305	24458.74	25
1726500305	24460.29	100
1726500305	24462.39	75
1726500305	24460.01	150
1726500305	24462.91	100
1726500306	24462.86	25
1726500306	24465.7	50
1726500306	24466.97	25
1726500306	24464.23	50
1726500306	24466.61	150
1726500307	24466.09	75
1726500307	24465.84	25
1726500307	24466.33	150
1726500307	24464.13	100
1726500307	24461.58	150
1726500308	24458.95	50
1726500308	24457.37	75
1726500308	24459.48	100
1726500308	24460.68	75
1726500308	24459.59	75
1726500309	24457.99	50
1726500309	24455.81	150
1726500309	24453.46	25
1726500309	24451.45	100
1726500309	24450.33	25
1726500310	24450.55	50
1726500310	24450.26	100
1726500310	24448.85	25
1726500310	24446.39	75
1726500310	24448.35	150
1726500311	24445.59	75
1726500311	24443.48	50
1726500311	24446.29	100
1726500311	24446.37	75
1726500311	24444.94	50
1726500312	24442.12	100
1726500312	24444.25	150
1726500312	24445.74	50
1726500312	24443.31	25
1726500312	24445.13	50
1726500313	24442.86	25
1726500313	24444.84	50
1726500313	24442.62	100
1726500313	24441.86	25
1726500313	24442.35	75
1726500314	24444.86	25
1726500314	24441.99	25
1726500314	24440.17	100
1726500314	24442.03	25
1726500314	24444.46	75
1726500315	24442.2	100
1726500315	24439.5	150
1726500315	24439.1	100
1726500315	24439.07	100
1726500315	24440.17	50
1726500316	24439.3	50
1726500316	24437.95	100
1726500316	24440.25	25
1726500316	24440.93	150
1726500316	24439.41	75
1726500317	24439.4	150
1726500317	24439.28	25
1726500317	24437.95	50
1726500317	24437.47	150
1726500317	24435.96	150
1726500318	24437.73	100
1726500318	24439.42	75
1726500318	24439.3	100
1726500318	24438.37	150
1726500318	24438.38	100
1726500319	24437	25
1726500319	24435.92	50
1726500319	24433.09	75
1726500319	24430.44	100
1726500319	24430.62	150
1726500320	24433.62	50
1726500320	24431.22	50
1726500320	24429.82	25
1726500320	24431.4	50
1726500320	24431.86	100
1726500321	24430.99	50
1726500321	24429.04	150
1726500321	24427.95	75
1726500321	24430.43	25
1726500321	24431.66	75
1726500322	24434.34	150
1726500322	24432.19	50
1726500322	24434.21	100
1726500322	24434.47	50
1726500322	24434.41	25
1726500323	24431.75	150
1726500323	24430.06	150
1726500323	24429.93	75
1726500323	24432.43	50
1726500323	24434.27	75
1726500324	24435.57	75
1726500324	24432.93	50
1726500324	24433.45	50
1726500324	24435.1	150
1726500324	24437.26	25
1726500325	24436.5	100
1726500325	24437.02	75
1726500325	24435.83	50
1726500325	24438.68	100
1726500325	24440.44	100
1726500326	24441.33	50
1726500326	24442.57	150
1726500326	24443.74	150
1726500326	24445.46	50
1726500326	24446.45	50
1726500327	24445.72	75
1726500327	24443.48	25
1726500327	24446.18	150
1726500327	24445.53	150
1726500327	24442.72	150
1726500328	24441.63	150
1726500328	24439.96	150
1726500328	24437.58	100
1726500328	24435.42	25
1726500328	24433.85	75
1726500329	24431.86	25
1726500329	24433.79	75
1726500329	24433.47	75
1726500329	24431.73	25
1726500329	24430.83	25
1726500330	24432.15	25
1726500330	24431.47	100
1726500330	24434.28	100
1726500330	24434.24	100
1726500330	24433.35	100
1726500331	24430.96	100
1726500331	24432.69	150
1726500331	24433.6	50
1726500331	24431.57	25
1726500331	24433.37	25
1726500332	24432.14	75
1726500332	24430.7	25
1726500332	24428.15	50
1726500332	24430.48	50
1726500332	24431.87	150
1726500333	24434.52	25
1726500333	24433.55	150
1726500333	24435.91	25
1726500333	24435.49	50
1726500333	24436.14	100
1726500334	24434.08	25
1726500334	24433.07	50
1726500334	24432.52	150
1726500334	24433.86	150
1726500334	24432.45	75
1726500335	24431.23	25
1726500335	24428.53	150
1726500335	24428.83	100
1726500335	24426.75	75
1726500335	24423.77	25
1726500336	24422.54	150
1726500336	24422.42	25
1726500336	24419.58	50
1726500336	24420.4	25
1726500336	24420.25	25
1726500337	24419.1	100
1726500337	24418.92	75
1726500337	24416.47	150
1726500337	24415.79	75
1726500337	24418.11	75
1726500338	24416.23	25
1726500338	24414.81	100
1726500338	24413.39	75
1726500338	24413.77	50
1726500338	24415.28	25
1726500339	24412.8	75
1726500339	24414.65	100
1726500339	24417.47	150
1726500339	24415.84	25
1726500339	24417.88	150
1726500340	24417.39	150
1726500340	24418.52	100
1726500340	24418.95	50
1726500340	24418.81	25
1726500340	24418.18	25
1726500341	24418.19	150
1726500341	24419.99	150
1726500341	24417.88	100
1726500341	24415.92	50
1726500341	24418.75	50
1726500342	24416.51	100
1726500342	24413.98	100
1726500342	24412.19	50
1726500342	24414.19	75
1726500342	24413.11	25
1726500343	24410.63	150
1726500343	24410.02	75
1726500343	24412.16	150
1726500343	24411.91	25
1726500343	24413.63	150
1726500344	24414.15	100
1726500344	24411.83	50
1726500344	24409.72	150
1726500344	24410.21	25
1726500344	24412.76	150
1726500345	24414.44	75
1726500345	24416.64	75
1726500345	24418.91	75
1726500345	24418.21	100
1726500345	24418.64	100
1726500346	24415.87	75
1726500346	24415.28	150
1726500346	24415.94	100
1726500346	24413.17	75
1726500346	24414.31	25
1726500347	24415.79	75
1726500347	24418.17	25
1726500347	24417.2	75
1726500347	24416.06	100
1726500347	24418.21	25
1726500348	24421.05	50
1726500348	24418.85	100
1726500348	24420.5	75
1726500348	24419.11	100
1726500348	24419.74	25
1726500349	24417.87	50
1726500349	24420.35	100
1726500349	24421.8	150
1726500349	24424	25
1726500349	24424.09	50
1726500350	24421.48	150
1726500350	24420.9	150
1726500350	24423.18	25
1726500350	24421.22	50
1726500350	24423.25	50
1726500351	24420.44	25
1726500351	24422.95	50
1726500351	24421.6	100
1726500351	24421.63	25
1726500351	24422.71	50
1726500352	24421.95	150
1726500352	24421.62	100
1726500352	24422.15	75
1726500352	24421.21	75
1726500352	24422.71	25
1726500353	24421.42	100
1726500353	24418.71	150
1726500353	24420.39	50
1726500353	24422.54	50
1726500353	24423.6	75
1726500354	24424.51	150
1726500354	24421.63	25
1726500354	24421.48	50
1726500354	24422.36	150
1726500354	24424.17	50
1726500355	24422.68	75
1726500355	24423.96	75
1726500355	24423.5	100
1726500355	24425.61	100
1726500355	24424.12	100
1726500356	24422.93	150
1726500356	24424.88	100
1726500356	24425.39	25
1726500356	24425.46	75
1726500356	24425.82	150
1726500357	24426.48	75
1726500357	24427.58	100
1726500357	24424.97	75
1726500357	24425.81	75
1726500357	24424.38	75
1726500358	24422.51	150
1726500358	24424.1	25
1726500358	24425.93	150
1726500358	24425.36	75
1726500358	24426.44	25
1726500359	24427.38	75
1726500359	24425.93	100
1726500359	24425.36	25
1726500359	24425.86	150
1726500359	24427.75	75
1726500360	24429.11	50
1726500360	24430.23	100
1726500360	24432.67	75
1726500360	24432.71	50
1726500360	24434.76	150
1726500361	24432.84	25
1726500361	24432.67	75
1726500361	24434.02	150
1726500361	24435.6	50
1726500361	24438.28	75
1726500362	24439.21	50
1726500362	24438.34	75
1726500362	24437.86	75
1726500362	24437.09	150
1726500362	24435.86	25
1726500363	24435.68	150
1726500363	24436.16	150
1726500363	24433.59	50
1726500363	24433.59	100
1726500363	24433.77	100
1726500364	24431.09	50
1726500364	24428.92	50
1726500364	24427.97	150
1726500364	24430.33	100
1726500364	24428.19	50
1726500365	24429.86	100
1726500365	24428.86	50
1726500365	24427.74	25
1726500365	24424.77	75
1726500365	24423.02	50
1726500366	24423.48	50
1726500366	24423.42	25
1726500366	24421.2	100
1726500366	24422	100
1726500366	24421.57	100
1726500367	24420.87	25
1726500367	24421.07	75
1726500367	24423.77	75
1726500367	24425.32	150
1726500367	24423.46	25
1726500368	24424.22	50
1726500368	24422.58	75
1726500368	24421.45	25
1726500368	24420.75	150
1726500368	24419.59	25
1726500369	24421.53	75
1726500369	24424.22	100
1726500369	24425.59	150
1726500369	24425.73	100
1726500369	24428.06	50
1726500370	24427.12	100
1726500370	24426.27	50
1726500370	24424.26	100
1726500370	24421.38	50
1726500370	24422.74	50
1726500371	24421.01	25
1726500371	24421.54	50
1726500371	24419.28	25
1726500371	24418.54	75
1726500371	24420.16	150
1726500372	24417.45	25
1726500372	24418.43	25
1726500372	24415.72	25
1726500372	24415.22	100
1726500372	24412.96	75
1726500373	24412.8	50
1726500373	24411.04	25
1726500373	24409.84	25
1726500373	24410.82	75
1726500373	24411.56	50
1726500374	24411.07	25
1726500374	24411.14	150
1726500374	24408.84	25
1726500374	24410.55	100
1726500374	24408.74	50
1726500375	24410.41	150
1726500375	24413.25	75
1726500375	24414.47	75
1726500375	24412.43	150
1726500375	24412.41	50
1726500376	24413.54	100
1726500376	24412.52	25
1726500376	24409.6	25
1726500376	24412.04	150
1726500376	24413.06	50
1726500377	24415.75	150
1726500377	24413.2	25
1726500377	24415.63	50
1726500377	24415.37	75
1726500377	24413.96	25
1726500378	24411.56	50
1726500378	24413.8	75
1726500378	24412.96	75
1726500378	24412.52	25
1726500378	24410.09	25
1726500379	24407.15	50
1726500379	24408.13	50
1726500379	24407.1	100
1726500379	24409.83	75
1726500379	24412.1	25
1726500380	24411.34	75
1726500380	24409.43	100
1726500380	24408.83	100
1726500380	24407.47	100
1726500380	24408.61	100
1726500381	24410.4	50
1726500381	24408.08	25
1726500381	24410.97	50
1726500381	24408.59	150
1726500381	24408.49	150
1726500382	24409.56	50
1726500382	24410.23	75
1726500382	24410.9	50
1726500382	24410.8	100
1726500382	24408.47	100
1726500383	24408.12	25
1726500383	24406.69	75
1726500383	24403.76	150
1726500383	24405.37	150
1726500383	24406.71	50
1726500384	24409.58	75
1726500384	24409.69	150
1726500384	24407.26	50
1726500384	24407.15	100
1726500384	24405.05	150
1726500385	24407.4	150
1726500385	24404.73	50
1726500385	24404.76	100
1726500385	24406.87	50
1726500385	24404.32	100
1726500386	24403.24	75
1726500386	24406.06	25
1726500386	24406.11	150
1726500386	24406.97	100
1726500386	24408.87	25
1726500387	24408.62	150
1726500387	24408.31	100
1726500387	24407.99	25
1726500387	24410.88	25
1726500387	24408.49	100
1726500388	24405.71	150
1726500388	24402.71	25
1726500388	24404.46	150
1726500388	24405.29	150
1726500388	24405.66	100
1726500389	24408.36	75
1726500389	24410.31	50
1726500389	24412.38	75
1726500389	24412.74	150
1726500389	24413.34	75
1726500390	24414.64	25
1726500390	24412.22	50
1726500390	24409.23	75
1726500390	24411.21	75
1726500390	24411.5	75
1726500391	24412.71	25
1726500391	24415.09	100
1726500391	24412.94	100
1726500391	24410.58	150
1726500391	24408.75	25
1726500392	24411.33	100
1726500392	24409.63	50
1726500392	24410.93	25
1726500392	24412.47	25
1726500392	24415.03	150
1726500393	24412.77	100
1726500393	24412.51	150
1726500393	24415.25	50
1726500393	24418.03	25
1726500393	24418.22	25
1726500394	24418.54	100
1726500394	24420.57	100
1726500394	24423.12	50
1726500394	24424.27	50
1726500394	24425.65	50
1726500395	24423.27	150
1726500395	24423.91	75
1726500395	24423.93	100
1726500395	24423.44	150
1726500395	24425.94	50
1726500396	24424.58	75
1726500396	24427.4	100
1726500396	24429.23	50
1726500396	24428.71	150
1726500396	24427.5	150
1726500397	24429.67	150
1726500397	24430.46	50
1726500397	24428.72	75
1726500397	24429.84	50
1726500397	24432.73	50
1726500398	24432.75	75
1726500398	24434.01	75
1726500398	24434.39	150
1726500398	24434.81	100
1726500398	24435.86	150
1726500399	24434.57	100
1726500399	24436.42	150
1726500399	24434.06	100
1726500399	24431.93	25
1726500399	24430.13	50
1726500400	24433.03	75
1726500400	24430.91	25
